<?xml version="1.0"?>
<SDP version="0.9" domain="particular">
  <Contents>
    <Image>
      <DefaultFolder>
      	<Internal value="/DCIM/Camera"/>
        <External value="/DCIM/Camera"/>
      </DefaultFolder>

      <Transfer>
        <FileType value="JPG"/>
	      <Option value="Auto"/>
      </Transfer>

      <FileFormat>
        <JPG>
          <MaxFileSize value="10485760"/>
          <MaxWidth value="5000"/>
          <MaxHeight value="5000"/>          
        </JPG>
        <GIF>
          <MaxFileSize value="10485760"/>
          <MaxWidth value="3000"/>
          <MaxHeight value="3000"/>
        </GIF>
        <BMP>
          <MaxFileSize value="104857600"/>
          <MaxWidth value="3000"/>
          <MaxHeight value="3000"/>
        </BMP>
        <PNG>
          <MaxFileSize value="10485760"/>
          <MaxWidth value="3000"/>
          <MaxHeight value="3000"/>
        </PNG>     
        <WBMP>
       		<MaxFileSize value="104857600"/>
          <MaxWidth value="3000"/>
          <MaxHeight value="3000"/>
        </WBMP>   
			</FileFormat>
    </Image>

    <Music>
      <DefaultFolder>        
				<Internal value="/media"/>
        <External value="/media"/>
      </DefaultFolder>

      <Transfer>
        <FileType value="MP3"/>
      </Transfer>

      <FileFormat>
        <MP3>
          <MaxFileSize value="2147483648"/>
          <MaxBitrate value="327680"/>
          <MaxSamplingRate value="49152"/>
        </MP3>
        <IMY>
          <MaxFileSize value="104857600"/>
          <MaxBitrate value=""/>
          <MaxSamplingRate value=""/>
        </IMY>
        <MID>
          <MaxFileSize value="104857600"/>
          <MaxBitrate value=""/>
          <MaxSampling value=""/>
        </MID>
        <AMR>
          <MaxFileSize value="2147483648"/>
          <MaxBitrate value="12288"/>
          <MaxSampling value="8192"/>
        </AMR>
        <WAV>
          <MaxFileSize value="2147483648"/>
          <MaxBitrate value=""/>
          <MaxSampling value="49152"/>
        </WAV>
        <AAC>
          <MaxFileSize value="2147483648"/>
          <MaxBitrate value="131072"/>
          <MaxSampling value="49152"/>
        </AAC>
        <WMA>
          <MaxFileSize value="2147483648"/>
          <MaxBitrate value="131072"/>
          <MaxSampling value="49152"/>
        </WMA>
        <M4A>
          <MaxFileSize value="2147483648"/>
          <MaxBitrate value="131072"/>
          <MaxSampling value="49152"/>
        </M4A>     
        <OGG>
          <MaxFileSize value="2147483648"/>
          <MaxBitrate value="131072"/>
          <MaxSampling value="49152"/>
        </OGG>  
      </FileFormat>
    </Music>

    <Movie>
      <DefaultFolder>        
				<Internal value="/DCIM/Camera"/>
        <External value="/DCIM/Camera"/>
      </DefaultFolder>
      <MaxFileCount value= ""/>
      <Transfer>
        <FileType value="MP4"/>
				<Option value="Auto"/>
      </Transfer>
      <FileFormat>
      
<!--Not support
         <AVI>
          <MaxFileSize value="2147483648"/>
          <Video>
            <Codecs>
              <Codec value="MPEG4 SP"/>
              <Codec value="DIVX"/>
              <Codec value="Xvid"/>
              <Codec value="H.264 BP"/>
              <Codec value="H.264 MP"/>
              <Codec value="H.264 HP"/>
              <Codec name="MPEG4 ASP" value="MPEG4 ASP">
                <MaxWidth value="720"/>
                <MaxHeight value="480"/>
                <MaxFrameRate value="30"/>
                <MaxBitrate value="6291456"/>
              </Codec>
              <Codec name="DivX 3.11" value="DivX 3.11">
                <MaxWidth value="720"/>
                <MaxHeight value="480"/>
                <MaxFrameRate value="30"/>
                <MaxBitrate value="2097152"/>
              </Codec>
            </Codecs>
            <MaxWidth value="720"/>
            <MaxHeight value="480"/>
            <MaxFrameRate value="30"/>
            <MaxBitrate value="6291456"/>
          </Video>
          <Audio>
            <Codecs>
              <Codec value= "AAC LC"/>
              <Codec value= "AAC+"/>
              <Codec name="eAAC+" value= "eAAC+">
                <MaxSamplingRate value="48000"/>
                <MaxBitrate value="65536"/>
                <MaxChannel value="2"/>
              </Codec>
              <Codec name="MP3" value= "MP3">
                <MaxSamplingRate value="48000"/>
                <MaxBitrate value="327680"/>
                <MaxChannel value="2"/>
              </Codec>
              <Codec name="AC3" value= "AC3">
                <MaxSamplingRate value="48000"/>
                <MaxBitrate value="327680"/>
                <MaxChannel value="6"/>
              </Codec>
            </Codecs>
            <MaxSamplingRate value="48000"/>
            <MaxBitrate value="131072"/>
            <MaxChannel value="2"/>
          </Audio>
        </AVI>
-->

        <MP4>
         <MaxFileSize value="2147483648"/>
          <Video>
            <Codecs>
              <Codec value="MPEG4 SP"/>
              <Codec value="H.264 BP"/>
              <Codec value="H.264 MP"/>
              <Codec value="H.264 HP"/>
              <Codec name="MPEG4 ASP" value="MPEG4 ASP">
                <MaxWidth value="720"/>
                <MaxHeight value="480"/>
                <MaxFrameRate value="30"/>
                <MaxBitrate value="6291456"/>
              </Codec>
              <Codec name="H.263 P3" value="H.263 P3">
                <MaxWidth value="720"/>
                <MaxHeight value="480"/>
                <MaxFrameRate value="30"/>
                <MaxBitrate value="6291456"/>
              </Codec>
            </Codecs>
            <MaxWidth value="720"/>
            <MaxHeight value="480"/>
            <MaxFrameRate value="30"/>
            <MaxBitrate value="6291456"/>
          </Video>
          <Audio>
            <Codecs>
              <Codec value= "AAC LC"/>
              <Codec value= "AAC+"/>
              <Codec name="eAAC+" value= "eAAC+">
                <MaxSamplingRate value="48000"/>
                <MaxBitrate value="65536"/>
                <MaxChannel value="2"/>
              </Codec>
              <Codec name="MP3" value= "MP3">
                <MaxSamplingRate value="48000"/>
                <MaxBitrate value="327680"/>
                <MaxChannel value="2"/>
              </Codec>
              <Codec name="AMR-NB" value= "AMR-NB">
                <MaxSamplingRate value="8000"/>
                <MaxBitrate value="12493"/>
                <MaxChannel value="1"/>
              </Codec>
              <Codec name="AMR-WB" value= "AMR-WB">
                <MaxSamplingRate value="16000"/>
                <MaxBitrate value="66000"/>
                <MaxChannel value="1"/>
              </Codec>
            </Codecs>
            <MaxSamplingRate value="48000"/>
            <MaxBitrate value="131072"/>
            <MaxChannel value="2"/>
          </Audio>
        </MP4>
        
        <_3GP>
          <MaxFileSize value="2147483648"/>
          <Video>
            <Codecs>
              <Codec value="MPEG4 SP"/>
              <Codec value="H.264 BP"/>
              <Codec value="H.264 MP"/>
              <Codec value="H.264 HP"/>
              <Codec name="MPEG4 ASP" value="MPEG4 ASP">
                <MaxWidth value="720"/>
                <MaxHeight value="480"/>
                <MaxFrameRate value="30"/>
                <MaxBitrate value="6291456"/>
              </Codec>
              <Codec name="H.263" value="H.263">
                <MaxWidth value="720"/>
                <MaxHeight value="480"/>
                <MaxFrameRate value="30"/>
                <MaxBitrate value="6291456"/>
              </Codec>
            </Codecs>
            <MaxWidth value="720"/>
            <MaxHeight value="480"/>
            <MaxFrameRate value="30"/>
            <MaxBitrate value="6291456"/>
          </Video>
          <Audio>
            <Codecs>
              <Codec value= "AAC LC"/>
              <Codec value= "AAC+"/>
              <Codec name="eAAC+" value= "eAAC+">
                <MaxSamplingRate value="48000"/>
                <MaxBitrate value="65536"/>
                <MaxChannel value="2"/>
              </Codec>
              <Codec name="MP3" value= "MP3">
                <MaxSamplingRate value="48000"/>
                <MaxBitrate value="327680"/>
                <MaxChannel value="2"/>
              </Codec>
              <Codec name="AMR-NB" value= "AMR-NB">
                <MaxSamplingRate value="8000"/>
                <MaxBitrate value="12493"/>
                <MaxChannel value="1"/>
              </Codec>
              <Codec name="AMR-WB" value= "AMR-WB">
                <MaxSamplingRate value="16000"/>
                <MaxBitrate value="66000"/>
                <MaxChannel value="1"/>
              </Codec>
            </Codecs>
            <MaxSamplingRate value="48000"/>
            <MaxBitrate value="131072"/>
            <MaxChannel value="2"/>
          </Audio>
        </_3GP>

        <MKV>
          <MaxFileSize value="2147483648"/>
          <Video>
            <Codecs>
              <Codec value="H.264 BP"/>
              <Codec value="H.264 MP"/>
              <Codec value="H.264 HP"/>
              <Codec value="Xvid"/>
            </Codecs>
            <MaxWidth value="720"/>
            <MaxHeight value="480"/>
            <MaxFrameRate value="30"/>
            <MaxBitrate value="6291456"/>
          </Video>
          <Audio>
            <Codecs>
              <Codec value= "AAC LC"/>
              <Codec value= "AAC+"/>
              <Codec name="eAAC+" value= "eAAC+">
                <MaxSamplingRate value="48000"/>
                <MaxBitrate value="65536"/>
                <MaxChannel value="2"/>
              </Codec>
              <Codec name="MP3" value= "MP3">
                <MaxSamplingRate value="48000"/>
                <MaxBitrate value="327680"/>
                <MaxChannel value="2"/>
              </Codec>
              <Codec name="AC3" value= "AC3">
                <MaxSamplingRate value="48000"/>
                <MaxBitrate value="327680"/>
                <MaxChannel value="6"/>
              </Codec>
            </Codecs>
            <MaxSamplingRate value="48000"/>
            <MaxBitrate value="131072"/>
            <MaxChannel value="2"/>
          </Audio>
        </MKV>
        
<!-- not support 
        <WMV>
          <MaxFileSize value="2147483648"/>
          <Video>
            <Codecs>
              <Codec value= "WMV7"/>
              <Codec value= "WMV8"/>
              <Codec name="WMV9 Main" value="WMV9 Main">
                <MaxWidth value="1280"/>
                <MaxHeight value="720"/>
                <MaxFrameRate value="30"/>
                <MaxBitrate value="12582912"/>
              </Codec>
            </Codecs>
            <MaxWidth value="720"/>
            <MaxHeight value="480"/>
            <MaxFrameRate value="30"/>
            <MaxBitrate value="2097152"/>
          </Video>
          <Audio>
            <Codecs>
              <Codec value= "WMA9 STD"/>
            </Codecs>
            <MaxSamplingRate value="48000"/>
            <MaxBitrate value="327680"/>
            <MaxChannel value="2"/>
          </Audio>
        </WMV>

        <FLV>
          <MaxFileSize value="4294967296"/>
          <Video>
            <Codecs>
              <Codec value="H.264 BP"/>
              <Codec value="H.264 MP"/>
              <Codec value="H.264 HP"/>
              <Codec name="H263 Sorenson" value="H263 Sorenson">
                <MaxWidth value="720"/>
                <MaxHeight value="480"/>
                <MaxFrameRate value="30"/>
                <MaxBitrate value="2097152"/>
              </Codec>
            </Codecs>
            <MaxWidth value="720"/>
            <MaxHeight value="480"/>
            <MaxFrameRate value="30"/>
            <MaxBitrate value="6291456"/>
          </Video>
          <Audio>
            <Codecs>
              <Codec value= "MP3"/>
            </Codecs>
            <MaxSamplingRate value="48000"/>
            <MaxBitrate value="327680"/>
            <MaxChannel value="2"/>
          </Audio>
        </FLV>
        
        <ASF>
          <MaxFileSize value="2147483648"/>
          <Video>
          	<Codecs>
              <Codec value= ""/>
              <Codec value= ""/>
            </Codecs>
            <MaxWidth value="720"/>
            <MaxHeight value="480"/>
            <MaxFrameRate value="15"/>
            <MaxBitrate value="393216"/>
          </Video>
          <Audio>
          	<Codecs>
              <Codec value= ""/>
              <Codec value= ""/>
            </Codecs>
            <MaxSamplingRate value="49152"/>
            <MaxBitrate value="131072"/>
            <MaxChannel value="2"/>
          </Audio>
        </ASF>
-->

      </FileFormat>
    </Movie>
<BackupRestore>
    <Content name="Phonebook" type="Standard" version="1.0" />
    <Content name="Bookmark" type="Custom" version="1.0">
       <TargetFilePath value="System:\BR\bookmark.bk" />
    </Content>
    </BackupRestore>
  </Contents>
</SDP>
